{"Georgia": 17.66470588235294, "Maine": 14.858823529411765, "Massachusetts": 17.65333333333334, "New Hampshire": 16.938888888888883, "Vermont": 16.045454545454543}