{"California": 26.81451612903225, "Colorado": 23.071428571428566, "District of Columbia": 25.541428571428575, "Massachusetts": 26.198684210526313, "New Jersey": 25.45178571428571}