{"Alabama": 26.62142857142857, "Alaska": 32.99189189189189, "Arizona": 34.32592592592592, "Arkansas": 26.326923076923077, "California": 34.77083333333333, "Colorado": 36.95416666666666, "Connecticut": 31.053333333333327, "Delaware": 32.2695652173913, "District of Columbia": 35.13461538461538, "Florida": 31.74864864864865, "Georgia": 32.270967741935486, "Guam": 38.29333333333333, "Hawaii": 33.30434782608695, "Idaho": 32.00344827586206, "Illinois": 32.875, "Indiana": 30.75151515151515, "Iowa": 28.879411764705882, "Kansas": 28.940625, "Kentucky": 28.98148148148148, "Louisiana": 27.406060606060603, "Maine": 30.811111111111114, "Maryland": 31.12121212121212, "Massachusetts": 30.34074074074074, "Michigan": 32.467999999999996, "Minnesota": 33.47619047619047, "Mississippi": 27.478571428571424, "Missouri": 28.109999999999996, "Montana": 31.461290322580645, "National": 30.01851851851852, "Nebraska": 30.970370370370368, "Nevada": 32.292857142857144, "New Hampshire": 32.056, "New Jersey": 29.068750000000005, "New Mexico": 34.92799999999999, "New York": 32.85238095238095, "North Carolina": 30.945161290322577, "North Dakota": 30.01212121212121, "Ohio": 31.875, "Oklahoma": 25.930769230769236, "Oregon": 31.244999999999997, "Pennsylvania": 31.265384615384612, "Puerto Rico": 14.778571428571428, "Rhode Island": 30.885185185185183, "South Carolina": 31.112, "South Dakota": 31.07428571428572, "Tennessee": 27.928, "Texas": 29.808333333333337, "Utah": 35.028571428571425, "Vermont": 30.68333333333333, "Virgin Islands": 30.900000000000002, "Virginia": 31.739130434782602, "Washington": 33.26551724137931, "West Virginia": 24.041379310344826, "Wisconsin": 31.638461538461545, "Wyoming": 31.319354838709668}