{"Alabama": 35.122666666666674, "Alaska": 29.86615384615385, "Arizona": 30.683582089552235, "Arkansas": 35.42567567567568, "California": 26.81451612903225, "Colorado": 23.071428571428566, "Connecticut": 28.431250000000006, "Delaware": 31.129850746268655, "District of Columbia": 25.541428571428575, "Florida": 27.601098901098904, "Georgia": 31.46825396825397, "Guam": 31.86363636363637, "Hawaii": 27.034722222222225, "Idaho": 31.049230769230775, "Illinois": 30.129310344827587, "Indiana": 34.25185185185185, "Iowa": 33.472727272727276, "Kansas": 33.815, "Kentucky": 34.306153846153855, "Louisiana": 36.26619718309859, "Maine": 30.631034482758622, "Maryland": 30.37333333333334, "Massachusetts": 26.198684210526313, "Michigan": 34.37450980392157, "Minnesota": 29.832835820895525, "Mississippi": 36.50694444444445, "Missouri": 33.67313432835821, "Montana": 28.387142857142862, "National": 30.700000000000003, "Nebraska": 31.12307692307692, "Nevada": 28.890909090909087, "New Hampshire": 29.764864864864865, "New Jersey": 25.45178571428571, "New Mexico": 30.956756756756754, "New York": 27.598507462686563, "North Carolina": 32.2032786885246, "North Dakota": 33.26153846153846, "Ohio": 33.699999999999996, "Oklahoma": 34.97833333333334, "Oregon": 29.452542372881368, "Pennsylvania": 30.706349206349206, "Puerto Rico": 31.341538461538462, "Rhode Island": 28.025000000000002, "South Carolina": 34.126865671641795, "South Dakota": 33.31733333333334, "Tennessee": 34.51363636363636, "Texas": 31.429310344827584, "Utah": 27.727397260273968, "Vermont": 28.545901639344265, "Virgin Islands": 32.75151515151515, "Virginia": 30.772972972972976, "Washington": 30.152112676056326, "West Virginia": 36.80000000000001, "Wisconsin": 33.34262295081967, "Wyoming": 29.255932203389825}