{"Louisiana": 46.168749999999996, "Mississippi": 45.31666666666666, "Oklahoma": 45.45454545454546, "Puerto Rico": 49.416666666666664, "West Virginia": 45.17}